Dataset,Num nodes,Enc,Dec,Emb loss,Mean,Std,Best,Bad time,Enc time,Dec time
zoo,64,Direct,NJ,-1.0,11.774318836595722,-1.0,11.774318836595722,0.0,-1.0,0.34363627433776855
zoo,64,Direct,NJ,-1.0,11.774318836595722,-1.0,11.774318836595722,0.0,-1.0,0.28344011306762695
zoo,64,Direct,NJ,-1.0,11.774318836595722,-1.0,11.774318836595722,0.0,-1.0,0.2869589328765869
zoo,64,Direct,NJ,-1.0,11.774318836595722,-1.0,11.774318836595722,0.0,-1.0,0.3400382995605469
zoo,64,Direct,NJ,-1.0,11.774318836595722,-1.0,11.774318836595722,0.0,-1.0,0.29210829734802246
zoo,64,Direct,NJ,-1.0,11.774318836595722,-1.0,11.774318836595722,0.0,-1.0,0.28467559814453125
zoo,64,Direct,NJ,-1.0,11.774318836595722,-1.0,11.774318836595722,0.0,-1.0,0.3172636032104492
zoo,64,Direct,NJ,-1.0,11.774318836595722,-1.0,11.774318836595722,0.0,-1.0,0.28432703018188477
zoo,64,Direct,NJ,-1.0,11.774318836595722,-1.0,11.774318836595722,0.0,-1.0,0.32211828231811523
zoo,64,Direct,NJ,-1.0,11.774318836595722,-1.0,11.774318836595722,0.0,-1.0,0.28656983375549316
zoo,64,Direct,TreeRep,-1.0,23.790093164546995,5.457414033488201,14.650798356531638,0.0,-1.0,0.585280466079712
zoo,64,Direct,TreeRep,-1.0,24.930066411709568,6.911661820148384,15.947376187663217,0.0,-1.0,0.6004782915115356
zoo,64,Direct,TreeRep,-1.0,25.209775526791883,5.547893857165887,15.665727297729324,0.0,-1.0,0.6169641733169555
zoo,64,Direct,TreeRep,-1.0,30.234788630831172,7.898887806426131,18.05156034142108,0.0,-1.0,0.6310042262077331
zoo,64,Direct,TreeRep,-1.0,26.481698694241395,7.758621545937083,18.62691403039461,0.0,-1.0,0.6522403359413147
zoo,64,Direct,TreeRep,-1.0,27.411533053251304,6.296179040279758,16.913889246901714,0.0,-1.0,0.6800343275070191
zoo,64,Direct,TreeRep,-1.0,28.633636432984748,9.086145714296938,17.723099018141852,0.0,-1.0,0.6919459939002991
zoo,64,Direct,TreeRep,-1.0,25.825102721991833,7.937870315913931,15.691503215503918,0.0,-1.0,0.723603892326355
zoo,64,Direct,TreeRep,-1.0,25.458824508281015,6.012415369522421,18.333749987796494,0.0,-1.0,0.7400976300239563
zoo,64,Direct,TreeRep,-1.0,27.08437334170163,7.976450267900157,15.610121315155949,0.0,-1.0,0.746600341796875
zoo,64,Direct,single,-1.0,34.53320451166663,-1.0,34.53320451166663,0.0,-1.0,0.0015304088592529297
zoo,64,Direct,single,-1.0,34.53320451166663,-1.0,34.53320451166663,0.0,-1.0,0.0008368492126464844
zoo,64,Direct,single,-1.0,34.53320451166663,-1.0,34.53320451166663,0.0,-1.0,0.0008103847503662109
zoo,64,Direct,single,-1.0,34.53320451166663,-1.0,34.53320451166663,0.0,-1.0,0.0008227825164794922
zoo,64,Direct,single,-1.0,34.53320451166663,-1.0,34.53320451166663,0.0,-1.0,0.0008118152618408203
zoo,64,Direct,single,-1.0,34.53320451166663,-1.0,34.53320451166663,0.0,-1.0,0.0008087158203125
zoo,64,Direct,single,-1.0,34.53320451166663,-1.0,34.53320451166663,0.0,-1.0,0.0008153915405273438
zoo,64,Direct,single,-1.0,34.53320451166663,-1.0,34.53320451166663,0.0,-1.0,0.0008039474487304688
zoo,64,Direct,single,-1.0,34.53320451166663,-1.0,34.53320451166663,0.0,-1.0,0.0008103847503662109
zoo,64,Direct,single,-1.0,34.53320451166663,-1.0,34.53320451166663,0.0,-1.0,0.0008084774017333984
zoo,64,Direct,complete,-1.0,20.78123600006757,-1.0,20.78123600006757,0.0,-1.0,0.0009481906890869141
zoo,64,Direct,complete,-1.0,20.78123600006757,-1.0,20.78123600006757,0.0,-1.0,0.0009324550628662109
zoo,64,Direct,complete,-1.0,20.78123600006757,-1.0,20.78123600006757,0.0,-1.0,0.000934600830078125
zoo,64,Direct,complete,-1.0,20.78123600006757,-1.0,20.78123600006757,0.0,-1.0,0.0006403923034667969
zoo,64,Direct,complete,-1.0,20.78123600006757,-1.0,20.78123600006757,0.0,-1.0,0.0006361007690429688
zoo,64,Direct,complete,-1.0,20.78123600006757,-1.0,20.78123600006757,0.0,-1.0,0.0006406307220458984
zoo,64,Direct,complete,-1.0,20.78123600006757,-1.0,20.78123600006757,0.0,-1.0,0.0006439685821533203
zoo,64,Direct,complete,-1.0,20.78123600006757,-1.0,20.78123600006757,0.0,-1.0,0.0006899833679199219
zoo,64,Direct,complete,-1.0,20.78123600006757,-1.0,20.78123600006757,0.0,-1.0,0.0006415843963623047
zoo,64,Direct,complete,-1.0,20.78123600006757,-1.0,20.78123600006757,0.0,-1.0,0.0006854534149169922
zoo,64,Direct,average,-1.0,10.045921388741471,-1.0,10.045921388741471,0.0,-1.0,0.0006873607635498047
zoo,64,Direct,average,-1.0,10.045921388741471,-1.0,10.045921388741471,0.0,-1.0,0.0006604194641113281
zoo,64,Direct,average,-1.0,10.045921388741471,-1.0,10.045921388741471,0.0,-1.0,0.0006384849548339844
zoo,64,Direct,average,-1.0,10.045921388741471,-1.0,10.045921388741471,0.0,-1.0,0.0006854534149169922
zoo,64,Direct,average,-1.0,10.045921388741471,-1.0,10.045921388741471,0.0,-1.0,0.0006878376007080078
zoo,64,Direct,average,-1.0,10.045921388741471,-1.0,10.045921388741471,0.0,-1.0,0.0007753372192382812
zoo,64,Direct,average,-1.0,10.045921388741471,-1.0,10.045921388741471,0.0,-1.0,0.0006723403930664062
zoo,64,Direct,average,-1.0,10.045921388741471,-1.0,10.045921388741471,0.0,-1.0,0.000667572021484375
zoo,64,Direct,average,-1.0,10.045921388741471,-1.0,10.045921388741471,0.0,-1.0,0.0006494522094726562
zoo,64,Direct,average,-1.0,10.045921388741471,-1.0,10.045921388741471,0.0,-1.0,0.0006413459777832031
zoo,64,Direct,weighted,-1.0,12.088090410440886,-1.0,12.088090410440886,0.0,-1.0,0.0006988048553466797
zoo,64,Direct,weighted,-1.0,12.088090410440886,-1.0,12.088090410440886,0.0,-1.0,0.0006895065307617188
zoo,64,Direct,weighted,-1.0,12.088090410440886,-1.0,12.088090410440886,0.0,-1.0,0.0007827281951904297
zoo,64,Direct,weighted,-1.0,12.088090410440886,-1.0,12.088090410440886,0.0,-1.0,0.0007925033569335938
zoo,64,Direct,weighted,-1.0,12.088090410440886,-1.0,12.088090410440886,0.0,-1.0,0.0007691383361816406
zoo,64,Direct,weighted,-1.0,12.088090410440886,-1.0,12.088090410440886,0.0,-1.0,0.0006909370422363281
zoo,64,Direct,weighted,-1.0,12.088090410440886,-1.0,12.088090410440886,0.0,-1.0,0.0006606578826904297
zoo,64,Direct,weighted,-1.0,12.088090410440886,-1.0,12.088090410440886,0.0,-1.0,0.0007729530334472656
zoo,64,Direct,weighted,-1.0,12.088090410440886,-1.0,12.088090410440886,0.0,-1.0,0.0006477832794189453
zoo,64,Direct,weighted,-1.0,12.088090410440886,-1.0,12.088090410440886,0.0,-1.0,0.0007855892181396484
zoo,64,Direct,centroid,-1.0,13.634904582602315,-1.0,13.634904582602315,0.0,-1.0,0.0006814002990722656
zoo,64,Direct,centroid,-1.0,13.634904582602315,-1.0,13.634904582602315,0.0,-1.0,0.0007805824279785156
zoo,64,Direct,centroid,-1.0,13.634904582602315,-1.0,13.634904582602315,0.0,-1.0,0.0007107257843017578
zoo,64,Direct,centroid,-1.0,13.634904582602315,-1.0,13.634904582602315,0.0,-1.0,0.0007259845733642578
zoo,64,Direct,centroid,-1.0,13.634904582602315,-1.0,13.634904582602315,0.0,-1.0,0.0007271766662597656
zoo,64,Direct,centroid,-1.0,13.634904582602315,-1.0,13.634904582602315,0.0,-1.0,0.0007181167602539062
zoo,64,Direct,centroid,-1.0,13.634904582602315,-1.0,13.634904582602315,0.0,-1.0,0.000728607177734375
zoo,64,Direct,centroid,-1.0,13.634904582602315,-1.0,13.634904582602315,0.0,-1.0,0.00070953369140625
zoo,64,Direct,centroid,-1.0,13.634904582602315,-1.0,13.634904582602315,0.0,-1.0,0.0007317066192626953
zoo,64,Direct,centroid,-1.0,13.634904582602315,-1.0,13.634904582602315,0.0,-1.0,0.0006685256958007812
zoo,64,Direct,median,-1.0,21.23960510922271,-1.0,21.23960510922271,0.0,-1.0,0.0007534027099609375
zoo,64,Direct,median,-1.0,21.23960510922271,-1.0,21.23960510922271,0.0,-1.0,0.000762939453125
zoo,64,Direct,median,-1.0,21.23960510922271,-1.0,21.23960510922271,0.0,-1.0,0.00064849853515625
zoo,64,Direct,median,-1.0,21.23960510922271,-1.0,21.23960510922271,0.0,-1.0,0.0007538795471191406
zoo,64,Direct,median,-1.0,21.23960510922271,-1.0,21.23960510922271,0.0,-1.0,0.0006496906280517578
zoo,64,Direct,median,-1.0,21.23960510922271,-1.0,21.23960510922271,0.0,-1.0,0.0006525516510009766
zoo,64,Direct,median,-1.0,21.23960510922271,-1.0,21.23960510922271,0.0,-1.0,0.0006399154663085938
zoo,64,Direct,median,-1.0,21.23960510922271,-1.0,21.23960510922271,0.0,-1.0,0.0006930828094482422
zoo,64,Direct,median,-1.0,21.23960510922271,-1.0,21.23960510922271,0.0,-1.0,0.0006349086761474609
zoo,64,Direct,median,-1.0,21.23960510922271,-1.0,21.23960510922271,0.0,-1.0,0.0006477832794189453
zoo,64,Direct,ward,-1.0,227.62303965596473,-1.0,227.62303965596473,0.0,-1.0,0.0007634162902832031
zoo,64,Direct,ward,-1.0,227.62303965596473,-1.0,227.62303965596473,0.0,-1.0,0.0007798671722412109
zoo,64,Direct,ward,-1.0,227.62303965596473,-1.0,227.62303965596473,0.0,-1.0,0.0007097721099853516
zoo,64,Direct,ward,-1.0,227.62303965596473,-1.0,227.62303965596473,0.0,-1.0,0.0007560253143310547
zoo,64,Direct,ward,-1.0,227.62303965596473,-1.0,227.62303965596473,0.0,-1.0,0.0006990432739257812
zoo,64,Direct,ward,-1.0,227.62303965596473,-1.0,227.62303965596473,0.0,-1.0,0.0006918907165527344
zoo,64,Direct,ward,-1.0,227.62303965596473,-1.0,227.62303965596473,0.0,-1.0,0.0007002353668212891
zoo,64,Direct,ward,-1.0,227.62303965596473,-1.0,227.62303965596473,0.0,-1.0,0.0007016658782958984
zoo,64,Direct,ward,-1.0,227.62303965596473,-1.0,227.62303965596473,0.0,-1.0,0.0007009506225585938
zoo,64,Direct,ward,-1.0,227.62303965596473,-1.0,227.62303965596473,0.0,-1.0,0.0007534027099609375
zoo,64,Hyp,NJ,7.3464252997945785,9.474582085150875,-1.0,9.474582085150875,0.0,0.007675647735595703,0.42529988288879395
zoo,64,Hyp,NJ,7.345388923166079,9.477738556268449,-1.0,9.477738556268449,0.0,480.46291422843933,0.5076909065246582
zoo,64,Hyp,NJ,7.34713455609719,9.474907784435008,-1.0,9.474907784435008,0.0,482.6618402004242,0.6607930660247803
zoo,64,Hyp,NJ,7.345688477122029,9.478135344422812,-1.0,9.478135344422812,0.0,482.1364538669586,0.5340080261230469
zoo,64,Hyp,NJ,7.345305803566561,9.474545728994816,-1.0,9.474545728994816,0.0,486.3891792297363,0.493823766708374
zoo,64,Hyp,NJ,7.34502042828009,9.47824873672456,-1.0,9.47824873672456,0.0,483.0355136394501,0.6305267810821533
zoo,64,Hyp,NJ,7.345340544843847,9.476417915546081,-1.0,9.476417915546081,0.0,490.27997398376465,0.8414828777313232
zoo,64,Hyp,NJ,7.346500245507777,9.583922263161764,-1.0,9.583922263161764,0.0,498.9653389453888,0.5181610584259033
zoo,64,Hyp,NJ,7.345659065592078,9.476024777661118,-1.0,9.476024777661118,0.0,498.2939212322235,0.515449047088623
zoo,64,Hyp,NJ,7.34561055213227,9.478413682113706,-1.0,9.478413682113706,0.0,540.6586859226227,0.7644469738006592
zoo,64,Hyp,TreeRep,7.3464252997945785,12.16035953971529,2.4241052499658364,10.302872302958576,0.0,0.010219573974609375,0.8590903162956238
zoo,64,Hyp,TreeRep,7.345388923166079,12.278239260336537,1.6902692359511404,10.160265205171017,0.0,0.014534711837768555,0.8097402811050415
zoo,64,Hyp,TreeRep,7.34713455609719,13.115017680489089,2.9867803053144932,11.073649716669982,0.0,0.014760017395019531,0.8358505129814148
zoo,64,Hyp,TreeRep,7.345688477122029,13.716247701729722,4.772218119498264,10.237041418872773,0.0,0.010493755340576172,0.8467769384384155
zoo,64,Hyp,TreeRep,7.345305803566561,11.829122544990744,1.4447805076472238,10.145644368008563,0.0,0.012434005737304688,0.8593147993087769
zoo,64,Hyp,TreeRep,7.34502042828009,12.63930821048287,3.0302924203032315,10.35774030903591,0.0,0.009768962860107422,0.9265537738800049
zoo,64,Hyp,TreeRep,7.345340544843847,14.301015549927504,5.26751050423616,10.37479152492354,0.0,0.010088920593261719,0.934262478351593
zoo,64,Hyp,TreeRep,7.346500245507777,13.618200312905625,3.8082178968326117,10.253068388436738,0.0,0.009728431701660156,0.9198503255844116
zoo,64,Hyp,TreeRep,7.345659065592078,12.485177372560543,2.6702489986713016,10.462486196355977,0.0,0.014826059341430664,0.921937906742096
zoo,64,Hyp,TreeRep,7.34561055213227,12.595918412310551,1.7565757733206204,10.096366824352284,0.0,0.008477449417114258,0.9933316707611084
zoo,64,Hyp,single,7.3464252997945785,19.594074625284577,-1.0,19.594074625284577,0.0,0.010272502899169922,0.0010547637939453125
zoo,64,Hyp,single,7.345388923166079,19.55009933221399,-1.0,19.55009933221399,0.0,0.0077245235443115234,0.0007724761962890625
zoo,64,Hyp,single,7.34713455609719,19.54965595196328,-1.0,19.54965595196328,0.0,0.007260322570800781,0.0007643699645996094
zoo,64,Hyp,single,7.345688477122029,19.57120842759006,-1.0,19.57120842759006,0.0,0.007081747055053711,0.0007605552673339844
zoo,64,Hyp,single,7.345305803566561,19.540740561127794,-1.0,19.540740561127794,0.0,0.00765228271484375,0.0007448196411132812
zoo,64,Hyp,single,7.34502042828009,19.5395573749142,-1.0,19.5395573749142,0.0,0.006975650787353516,0.0007536411285400391
zoo,64,Hyp,single,7.345340544843847,19.587543410532394,-1.0,19.587543410532394,0.0,0.0071027278900146484,0.0007600784301757812
zoo,64,Hyp,single,7.346500245507777,19.52212408623847,-1.0,19.52212408623847,0.0,0.006463289260864258,0.0007598400115966797
zoo,64,Hyp,single,7.345659065592078,19.55586916010463,-1.0,19.55586916010463,0.0,0.006505012512207031,0.0007410049438476562
zoo,64,Hyp,single,7.34561055213227,19.557963319909472,-1.0,19.557963319909472,0.0,0.00634765625,0.0007481575012207031
zoo,64,Hyp,complete,7.3464252997945785,11.222150527932047,-1.0,11.222150527932047,0.0,0.0054988861083984375,0.0008673667907714844
zoo,64,Hyp,complete,7.345388923166079,11.219942523496586,-1.0,11.219942523496586,0.0,0.005343198776245117,0.0006723403930664062
zoo,64,Hyp,complete,7.34713455609719,11.217791683482822,-1.0,11.217791683482822,0.0,0.005119800567626953,0.0007452964782714844
zoo,64,Hyp,complete,7.345688477122029,11.220924405645654,-1.0,11.220924405645654,0.0,0.004549503326416016,0.0006747245788574219
zoo,64,Hyp,complete,7.345305803566561,11.217024396614118,-1.0,11.217024396614118,0.0,0.004672527313232422,0.0006704330444335938
zoo,64,Hyp,complete,7.34502042828009,11.217060541169957,-1.0,11.217060541169957,0.0,0.004750728607177734,0.0006737709045410156
zoo,64,Hyp,complete,7.345340544843847,11.218145051470696,-1.0,11.218145051470696,0.0,0.0047605037689208984,0.0006761550903320312
zoo,64,Hyp,complete,7.346500245507777,11.21540617066693,-1.0,11.21540617066693,0.0,0.0049550533294677734,0.0006949901580810547
zoo,64,Hyp,complete,7.345659065592078,11.217224151630662,-1.0,11.217224151630662,0.0,0.005089998245239258,0.0006906986236572266
zoo,64,Hyp,complete,7.34561055213227,11.217638688758598,-1.0,11.217638688758598,0.0,0.004638195037841797,0.0007052421569824219
zoo,64,Hyp,average,7.3464252997945785,9.23206341356304,-1.0,9.23206341356304,0.0,0.004489421844482422,0.0007436275482177734
zoo,64,Hyp,average,7.345388923166079,9.224399184361477,-1.0,9.224399184361477,0.0,0.004523038864135742,0.0007627010345458984
zoo,64,Hyp,average,7.34713455609719,9.232947290853495,-1.0,9.232947290853495,0.0,0.004688739776611328,0.0008151531219482422
zoo,64,Hyp,average,7.345688477122029,9.232965672618237,-1.0,9.232965672618237,0.0,0.004639863967895508,0.0007872581481933594
zoo,64,Hyp,average,7.345305803566561,9.227162312126774,-1.0,9.227162312126774,0.0,0.004840850830078125,0.0007283687591552734
zoo,64,Hyp,average,7.34502042828009,9.232139061286265,-1.0,9.232139061286265,0.0,0.004950046539306641,0.0006844997406005859
zoo,64,Hyp,average,7.345340544843847,9.231400890226045,-1.0,9.231400890226045,0.0,0.0048100948333740234,0.0006890296936035156
zoo,64,Hyp,average,7.346500245507777,9.233217645395872,-1.0,9.233217645395872,0.0,0.005030393600463867,0.0007338523864746094
zoo,64,Hyp,average,7.345659065592078,9.231988473286716,-1.0,9.231988473286716,0.0,0.004567861557006836,0.0007767677307128906
zoo,64,Hyp,average,7.34561055213227,9.231817586169429,-1.0,9.231817586169429,0.0,0.004579782485961914,0.0006487369537353516
zoo,64,Hyp,weighted,7.3464252997945785,11.233834480489003,-1.0,11.233834480489003,0.0,0.004929542541503906,0.0007314682006835938
zoo,64,Hyp,weighted,7.345388923166079,11.296876235726486,-1.0,11.296876235726486,0.0,0.004835844039916992,0.0007452964782714844
zoo,64,Hyp,weighted,7.34713455609719,11.236794725898687,-1.0,11.236794725898687,0.0,0.00475311279296875,0.0007610321044921875
zoo,64,Hyp,weighted,7.345688477122029,11.242020672625818,-1.0,11.242020672625818,0.0,0.004570960998535156,0.0008363723754882812
zoo,64,Hyp,weighted,7.345305803566561,11.307225075039899,-1.0,11.307225075039899,0.0,0.0048313140869140625,0.0006825923919677734
zoo,64,Hyp,weighted,7.34502042828009,11.243862989840267,-1.0,11.243862989840267,0.0,0.005059719085693359,0.0006132125854492188
zoo,64,Hyp,weighted,7.345340544843847,11.234014188251786,-1.0,11.234014188251786,0.0,0.004571676254272461,0.0006337165832519531
zoo,64,Hyp,weighted,7.346500245507777,11.304082357891856,-1.0,11.304082357891856,0.0,0.004618167877197266,0.0007293224334716797
zoo,64,Hyp,weighted,7.345659065592078,11.301222320592764,-1.0,11.301222320592764,0.0,0.0046269893646240234,0.0008246898651123047
zoo,64,Hyp,weighted,7.34561055213227,11.295221324214934,-1.0,11.295221324214934,0.0,0.004605531692504883,0.0007693767547607422
zoo,64,Hyp,centroid,7.3464252997945785,-1.0,-1.0,-1.0,-1.0,0.004637479782104492,-1.0
zoo,64,Hyp,centroid,7.345388923166079,-1.0,-1.0,-1.0,-1.0,0.004579782485961914,-1.0
zoo,64,Hyp,centroid,7.34713455609719,-1.0,-1.0,-1.0,-1.0,0.004529714584350586,-1.0
zoo,64,Hyp,centroid,7.345688477122029,-1.0,-1.0,-1.0,-1.0,0.005022764205932617,-1.0
zoo,64,Hyp,centroid,7.345305803566561,-1.0,-1.0,-1.0,-1.0,0.004563808441162109,-1.0
zoo,64,Hyp,centroid,7.34502042828009,-1.0,-1.0,-1.0,-1.0,0.005035877227783203,-1.0
zoo,64,Hyp,centroid,7.345340544843847,-1.0,-1.0,-1.0,-1.0,0.004836559295654297,-1.0
zoo,64,Hyp,centroid,7.346500245507777,-1.0,-1.0,-1.0,-1.0,0.004733562469482422,-1.0
zoo,64,Hyp,centroid,7.345659065592078,-1.0,-1.0,-1.0,-1.0,0.004580259323120117,-1.0
zoo,64,Hyp,centroid,7.34561055213227,-1.0,-1.0,-1.0,-1.0,0.004636049270629883,-1.0
zoo,64,Hyp,median,7.3464252997945785,-1.0,-1.0,-1.0,-1.0,0.00469660758972168,-1.0
zoo,64,Hyp,median,7.345388923166079,-1.0,-1.0,-1.0,-1.0,0.004311084747314453,-1.0
zoo,64,Hyp,median,7.34713455609719,-1.0,-1.0,-1.0,-1.0,0.004445791244506836,-1.0
zoo,64,Hyp,median,7.345688477122029,-1.0,-1.0,-1.0,-1.0,0.004762411117553711,-1.0
zoo,64,Hyp,median,7.345305803566561,-1.0,-1.0,-1.0,-1.0,0.004629611968994141,-1.0
zoo,64,Hyp,median,7.34502042828009,-1.0,-1.0,-1.0,-1.0,0.0042819976806640625,-1.0
zoo,64,Hyp,median,7.345340544843847,-1.0,-1.0,-1.0,-1.0,0.004812479019165039,-1.0
zoo,64,Hyp,median,7.346500245507777,-1.0,-1.0,-1.0,-1.0,0.0046999454498291016,-1.0
zoo,64,Hyp,median,7.345659065592078,-1.0,-1.0,-1.0,-1.0,0.004510402679443359,-1.0
zoo,64,Hyp,median,7.34561055213227,-1.0,-1.0,-1.0,-1.0,0.004566192626953125,-1.0
zoo,64,Hyp,ward,7.3464252997945785,-1.0,-1.0,-1.0,-1.0,0.004748821258544922,-1.0
zoo,64,Hyp,ward,7.345388923166079,-1.0,-1.0,-1.0,-1.0,0.004640817642211914,-1.0
zoo,64,Hyp,ward,7.34713455609719,-1.0,-1.0,-1.0,-1.0,0.004693269729614258,-1.0
zoo,64,Hyp,ward,7.345688477122029,-1.0,-1.0,-1.0,-1.0,0.004797458648681641,-1.0
zoo,64,Hyp,ward,7.345305803566561,-1.0,-1.0,-1.0,-1.0,0.004625797271728516,-1.0
zoo,64,Hyp,ward,7.34502042828009,-1.0,-1.0,-1.0,-1.0,0.004735708236694336,-1.0
zoo,64,Hyp,ward,7.345340544843847,-1.0,-1.0,-1.0,-1.0,0.00458216667175293,-1.0
zoo,64,Hyp,ward,7.346500245507777,-1.0,-1.0,-1.0,-1.0,0.004426717758178711,-1.0
zoo,64,Hyp,ward,7.345659065592078,-1.0,-1.0,-1.0,-1.0,0.004786968231201172,-1.0
zoo,64,Hyp,ward,7.34561055213227,-1.0,-1.0,-1.0,-1.0,0.004635810852050781,-1.0
iris,64,Direct,NJ,-1.0,43.85348024488811,-1.0,43.85348024488811,0.0,-1.0,0.7006306648254395
iris,64,Direct,NJ,-1.0,43.85348024488811,-1.0,43.85348024488811,0.0,-1.0,0.6906373500823975
iris,64,Direct,NJ,-1.0,43.85348024488811,-1.0,43.85348024488811,0.0,-1.0,0.7577600479125977
iris,64,Direct,NJ,-1.0,43.85348024488811,-1.0,43.85348024488811,0.0,-1.0,0.6813445091247559
iris,64,Direct,NJ,-1.0,43.85348024488811,-1.0,43.85348024488811,0.0,-1.0,0.6880874633789062
iris,64,Direct,NJ,-1.0,43.85348024488811,-1.0,43.85348024488811,0.0,-1.0,0.7666065692901611
iris,64,Direct,NJ,-1.0,43.85348024488811,-1.0,43.85348024488811,0.0,-1.0,0.6902506351470947
iris,64,Direct,NJ,-1.0,43.85348024488811,-1.0,43.85348024488811,0.0,-1.0,0.6996498107910156
iris,64,Direct,NJ,-1.0,43.85348024488811,-1.0,43.85348024488811,0.0,-1.0,0.6886177062988281
iris,64,Direct,NJ,-1.0,43.85348024488811,-1.0,43.85348024488811,0.0,-1.0,0.7677507400512695
iris,64,Direct,TreeRep,-1.0,42.53890261794806,14.053209974581087,23.32885245228869,0.0,-1.0,1.384333872795105
iris,64,Direct,TreeRep,-1.0,50.99665082114667,21.021181931852766,24.826654486206536,0.0,-1.0,1.2293732643127442
iris,64,Direct,TreeRep,-1.0,42.72005297086425,15.287812770194744,21.148932844485458,0.0,-1.0,1.2859949588775634
iris,64,Direct,TreeRep,-1.0,43.854623496164834,16.396091655465806,21.932017587858542,0.0,-1.0,1.263763689994812
iris,64,Direct,TreeRep,-1.0,43.85980290134055,17.35154182740908,23.37351091084441,0.0,-1.0,1.253056526184082
iris,64,Direct,TreeRep,-1.0,52.59943374509599,19.959622718481764,27.278160053791378,0.0,-1.0,1.2829615235328675
iris,64,Direct,TreeRep,-1.0,46.53420918003562,22.31776125920106,20.590359444871247,0.0,-1.0,1.3276500463485719
iris,64,Direct,TreeRep,-1.0,40.76130311505609,15.799368619961134,20.439367816787303,0.0,-1.0,1.3341876029968263
iris,64,Direct,TreeRep,-1.0,46.09046926906119,21.73029986306013,22.51957451112682,0.0,-1.0,1.342797839641571
iris,64,Direct,TreeRep,-1.0,40.46572666089766,15.220275502208986,20.490050396353574,0.0,-1.0,1.3611169457435608
iris,64,Direct,single,-1.0,84.66042126148052,-1.0,84.66042126148052,0.0,-1.0,0.0016894340515136719
iris,64,Direct,single,-1.0,84.66042126148052,-1.0,84.66042126148052,0.0,-1.0,0.000896453857421875
iris,64,Direct,single,-1.0,84.66042126148052,-1.0,84.66042126148052,0.0,-1.0,0.0009493827819824219
iris,64,Direct,single,-1.0,84.66042126148052,-1.0,84.66042126148052,0.0,-1.0,0.0008754730224609375
iris,64,Direct,single,-1.0,84.66042126148052,-1.0,84.66042126148052,0.0,-1.0,0.0008671283721923828
iris,64,Direct,single,-1.0,84.66042126148052,-1.0,84.66042126148052,0.0,-1.0,0.00090789794921875
iris,64,Direct,single,-1.0,84.66042126148052,-1.0,84.66042126148052,0.0,-1.0,0.0008232593536376953
iris,64,Direct,single,-1.0,84.66042126148052,-1.0,84.66042126148052,0.0,-1.0,0.00086212158203125
iris,64,Direct,single,-1.0,84.66042126148052,-1.0,84.66042126148052,0.0,-1.0,0.0008752346038818359
iris,64,Direct,single,-1.0,84.66042126148052,-1.0,84.66042126148052,0.0,-1.0,0.0008983612060546875
iris,64,Direct,complete,-1.0,58.13618636901502,-1.0,58.13618636901502,0.0,-1.0,0.001065969467163086
iris,64,Direct,complete,-1.0,58.13618636901502,-1.0,58.13618636901502,0.0,-1.0,0.0010724067687988281
iris,64,Direct,complete,-1.0,58.13618636901502,-1.0,58.13618636901502,0.0,-1.0,0.0009720325469970703
iris,64,Direct,complete,-1.0,58.13618636901502,-1.0,58.13618636901502,0.0,-1.0,0.0009768009185791016
iris,64,Direct,complete,-1.0,58.13618636901502,-1.0,58.13618636901502,0.0,-1.0,0.00104522705078125
iris,64,Direct,complete,-1.0,58.13618636901502,-1.0,58.13618636901502,0.0,-1.0,0.0009970664978027344
iris,64,Direct,complete,-1.0,58.13618636901502,-1.0,58.13618636901502,0.0,-1.0,0.0009882450103759766
iris,64,Direct,complete,-1.0,58.13618636901502,-1.0,58.13618636901502,0.0,-1.0,0.0011019706726074219
iris,64,Direct,complete,-1.0,58.13618636901502,-1.0,58.13618636901502,0.0,-1.0,0.0012950897216796875
iris,64,Direct,complete,-1.0,58.13618636901502,-1.0,58.13618636901502,0.0,-1.0,0.0011425018310546875
iris,64,Direct,average,-1.0,23.38644832151418,-1.0,23.38644832151418,0.0,-1.0,0.0012273788452148438
iris,64,Direct,average,-1.0,23.38644832151418,-1.0,23.38644832151418,0.0,-1.0,0.001119852066040039
iris,64,Direct,average,-1.0,23.38644832151418,-1.0,23.38644832151418,0.0,-1.0,0.0012731552124023438
iris,64,Direct,average,-1.0,23.38644832151418,-1.0,23.38644832151418,0.0,-1.0,0.0011246204376220703
iris,64,Direct,average,-1.0,23.38644832151418,-1.0,23.38644832151418,0.0,-1.0,0.0012323856353759766
iris,64,Direct,average,-1.0,23.38644832151418,-1.0,23.38644832151418,0.0,-1.0,0.0010895729064941406
iris,64,Direct,average,-1.0,23.38644832151418,-1.0,23.38644832151418,0.0,-1.0,0.0011446475982666016
iris,64,Direct,average,-1.0,23.38644832151418,-1.0,23.38644832151418,0.0,-1.0,0.0010173320770263672
iris,64,Direct,average,-1.0,23.38644832151418,-1.0,23.38644832151418,0.0,-1.0,0.0009920597076416016
iris,64,Direct,average,-1.0,23.38644832151418,-1.0,23.38644832151418,0.0,-1.0,0.0010137557983398438
iris,64,Direct,weighted,-1.0,27.20588709624045,-1.0,27.20588709624045,0.0,-1.0,0.0009868144989013672
iris,64,Direct,weighted,-1.0,27.20588709624045,-1.0,27.20588709624045,0.0,-1.0,0.000990152359008789
iris,64,Direct,weighted,-1.0,27.20588709624045,-1.0,27.20588709624045,0.0,-1.0,0.001012563705444336
iris,64,Direct,weighted,-1.0,27.20588709624045,-1.0,27.20588709624045,0.0,-1.0,0.0010151863098144531
iris,64,Direct,weighted,-1.0,27.20588709624045,-1.0,27.20588709624045,0.0,-1.0,0.0009667873382568359
iris,64,Direct,weighted,-1.0,27.20588709624045,-1.0,27.20588709624045,0.0,-1.0,0.0009889602661132812
iris,64,Direct,weighted,-1.0,27.20588709624045,-1.0,27.20588709624045,0.0,-1.0,0.0010347366333007812
iris,64,Direct,weighted,-1.0,27.20588709624045,-1.0,27.20588709624045,0.0,-1.0,0.0009737014770507812
iris,64,Direct,weighted,-1.0,27.20588709624045,-1.0,27.20588709624045,0.0,-1.0,0.0009672641754150391
iris,64,Direct,weighted,-1.0,27.20588709624045,-1.0,27.20588709624045,0.0,-1.0,0.0009641647338867188
iris,64,Direct,centroid,-1.0,23.529838003708086,-1.0,23.529838003708086,0.0,-1.0,0.0010538101196289062
iris,64,Direct,centroid,-1.0,23.529838003708086,-1.0,23.529838003708086,0.0,-1.0,0.0010869503021240234
iris,64,Direct,centroid,-1.0,23.529838003708086,-1.0,23.529838003708086,0.0,-1.0,0.0010762214660644531
iris,64,Direct,centroid,-1.0,23.529838003708086,-1.0,23.529838003708086,0.0,-1.0,0.0010876655578613281
iris,64,Direct,centroid,-1.0,23.529838003708086,-1.0,23.529838003708086,0.0,-1.0,0.0011065006256103516
iris,64,Direct,centroid,-1.0,23.529838003708086,-1.0,23.529838003708086,0.0,-1.0,0.0011191368103027344
iris,64,Direct,centroid,-1.0,23.529838003708086,-1.0,23.529838003708086,0.0,-1.0,0.0010769367218017578
iris,64,Direct,centroid,-1.0,23.529838003708086,-1.0,23.529838003708086,0.0,-1.0,0.0010428428649902344
iris,64,Direct,centroid,-1.0,23.529838003708086,-1.0,23.529838003708086,0.0,-1.0,0.0010700225830078125
iris,64,Direct,centroid,-1.0,23.529838003708086,-1.0,23.529838003708086,0.0,-1.0,0.0011320114135742188
iris,64,Direct,median,-1.0,27.912373878791907,-1.0,27.912373878791907,0.0,-1.0,0.0010020732879638672
iris,64,Direct,median,-1.0,27.912373878791907,-1.0,27.912373878791907,0.0,-1.0,0.0010623931884765625
iris,64,Direct,median,-1.0,27.912373878791907,-1.0,27.912373878791907,0.0,-1.0,0.0010516643524169922
iris,64,Direct,median,-1.0,27.912373878791907,-1.0,27.912373878791907,0.0,-1.0,0.0010352134704589844
iris,64,Direct,median,-1.0,27.912373878791907,-1.0,27.912373878791907,0.0,-1.0,0.001062154769897461
iris,64,Direct,median,-1.0,27.912373878791907,-1.0,27.912373878791907,0.0,-1.0,0.0009691715240478516
iris,64,Direct,median,-1.0,27.912373878791907,-1.0,27.912373878791907,0.0,-1.0,0.001050710678100586
iris,64,Direct,median,-1.0,27.912373878791907,-1.0,27.912373878791907,0.0,-1.0,0.001239776611328125
iris,64,Direct,median,-1.0,27.912373878791907,-1.0,27.912373878791907,0.0,-1.0,0.0012896060943603516
iris,64,Direct,median,-1.0,27.912373878791907,-1.0,27.912373878791907,0.0,-1.0,0.0010704994201660156
iris,64,Direct,ward,-1.0,588.2567087176396,-1.0,588.2567087176396,0.0,-1.0,0.0010552406311035156
iris,64,Direct,ward,-1.0,588.2567087176396,-1.0,588.2567087176396,0.0,-1.0,0.0010287761688232422
iris,64,Direct,ward,-1.0,588.2567087176396,-1.0,588.2567087176396,0.0,-1.0,0.001062154769897461
iris,64,Direct,ward,-1.0,588.2567087176396,-1.0,588.2567087176396,0.0,-1.0,0.001226663589477539
iris,64,Direct,ward,-1.0,588.2567087176396,-1.0,588.2567087176396,0.0,-1.0,0.001285552978515625
iris,64,Direct,ward,-1.0,588.2567087176396,-1.0,588.2567087176396,0.0,-1.0,0.0011887550354003906
iris,64,Direct,ward,-1.0,588.2567087176396,-1.0,588.2567087176396,0.0,-1.0,0.0010814666748046875
iris,64,Direct,ward,-1.0,588.2567087176396,-1.0,588.2567087176396,0.0,-1.0,0.0010867118835449219
iris,64,Direct,ward,-1.0,588.2567087176396,-1.0,588.2567087176396,0.0,-1.0,0.0011496543884277344
iris,64,Direct,ward,-1.0,588.2567087176396,-1.0,588.2567087176396,0.0,-1.0,0.0010645389556884766
iris,64,Hyp,NJ,15.641845761320019,18.179506869645955,-1.0,18.179506869645955,0.0,659.9674141407013,0.8801820278167725
iris,64,Hyp,NJ,15.64184502597385,18.17950451539706,-1.0,18.17950451539706,0.0,750.5000216960907,0.925213098526001
iris,64,Hyp,NJ,15.641845326980905,18.179504756401602,-1.0,18.179504756401602,0.0,769.6836180686951,0.9910194873809814
iris,64,Hyp,NJ,15.641846150122314,18.179506730341426,-1.0,18.179506730341426,0.0,764.8856735229492,1.1226482391357422
iris,64,Hyp,NJ,15.641846033719792,18.179504326775763,-1.0,18.179504326775763,0.0,765.5042719841003,0.9732744693756104
iris,64,Hyp,NJ,15.641845242022955,18.17950723914774,-1.0,18.17950723914774,0.0,767.3916821479797,0.9806396961212158
iris,64,Hyp,NJ,15.641846469354157,18.179502152920715,-1.0,18.179502152920715,0.0,770.9977490901947,0.8324680328369141
iris,64,Hyp,NJ,15.641846062445529,18.17950387341913,-1.0,18.17950387341913,0.0,767.9391915798187,1.0857863426208496
iris,64,Hyp,NJ,15.641846102733737,18.179502092927148,-1.0,18.179502092927148,0.0,766.8401598930359,0.9448966979980469
iris,64,Hyp,NJ,15.641845678378399,18.17950627871854,-1.0,18.17950627871854,0.0,762.0991642475128,0.8524720668792725
iris,64,Hyp,TreeRep,15.641845761320019,23.978752536569502,6.608372654196305,18.805675812114103,0.0,0.011786699295043945,1.5925544500350952
iris,64,Hyp,TreeRep,15.64184502597385,26.71752475823771,7.185417457241361,18.973195352965348,0.0,0.0175783634185791,1.5014728307724
iris,64,Hyp,TreeRep,15.641845326980905,23.430160068310727,3.805921011775111,18.880961437851663,0.0,0.013329505920410156,1.5572878837585449
iris,64,Hyp,TreeRep,15.641846150122314,24.905078415433074,5.4668017266037,18.982633663270768,0.0,0.01218104362487793,1.548309326171875
iris,64,Hyp,TreeRep,15.641846033719792,24.790330967040557,6.88777267290373,18.887114109135737,0.0,0.014234304428100586,1.7831188082695006
iris,64,Hyp,TreeRep,15.641845242022955,25.25717114864137,6.334042405680046,18.890321252359403,0.0,0.018990755081176758,1.6152073740959167
iris,64,Hyp,TreeRep,15.641846469354157,25.162576882076202,6.4975471440071315,18.98783835756342,0.0,0.012106895446777344,1.589873158931732
iris,64,Hyp,TreeRep,15.641846062445529,22.16798527372207,4.372940088930561,18.903496718665124,0.0,0.01225733757019043,1.6051419615745544
iris,64,Hyp,TreeRep,15.641846102733737,25.43527111623134,4.675060381261317,19.654656620556757,0.0,0.01663374900817871,1.6211222290992737
iris,64,Hyp,TreeRep,15.641845678378399,23.677743893616416,5.393825563000195,19.055997072726882,0.0,0.010413169860839844,1.6516125679016114
iris,64,Hyp,single,15.641845761320019,65.97055070344014,-1.0,65.97055070344014,0.0,0.01238560676574707,0.001140594482421875
iris,64,Hyp,single,15.64184502597385,65.97059953186995,-1.0,65.97059953186995,0.0,0.011451959609985352,0.0008754730224609375
iris,64,Hyp,single,15.641845326980905,65.97058116620711,-1.0,65.97058116620711,0.0,0.008517265319824219,0.0008540153503417969
iris,64,Hyp,single,15.641846150122314,65.97052798473386,-1.0,65.97052798473386,0.0,0.008024930953979492,0.0008409023284912109
iris,64,Hyp,single,15.641846033719792,65.97054998211922,-1.0,65.97054998211922,0.0,0.0076732635498046875,0.0008356571197509766
iris,64,Hyp,single,15.641845242022955,65.97056928023528,-1.0,65.97056928023528,0.0,0.007717132568359375,0.0008487701416015625
iris,64,Hyp,single,15.641846469354157,65.97054720987725,-1.0,65.97054720987725,0.0,0.007523298263549805,0.0008721351623535156
iris,64,Hyp,single,15.641846062445529,65.97055216762475,-1.0,65.97055216762475,0.0,0.0075550079345703125,0.0008265972137451172
iris,64,Hyp,single,15.641846102733737,65.97056150348732,-1.0,65.97056150348732,0.0,0.007100820541381836,0.0008184909820556641
iris,64,Hyp,single,15.641845678378399,65.97055248380221,-1.0,65.97055248380221,0.0,0.006918191909790039,0.0009014606475830078
iris,64,Hyp,complete,15.641845761320019,30.95558220101209,-1.0,30.95558220101209,0.0,0.005969047546386719,0.0010640621185302734
iris,64,Hyp,complete,15.64184502597385,30.95559937942073,-1.0,30.95559937942073,0.0,0.005750894546508789,0.0010547637939453125
iris,64,Hyp,complete,15.641845326980905,30.95559366489911,-1.0,30.95559366489911,0.0,0.006239652633666992,0.0013446807861328125
iris,64,Hyp,complete,15.641846150122314,30.955575747068828,-1.0,30.955575747068828,0.0,0.006282806396484375,0.0009496212005615234
iris,64,Hyp,complete,15.641846033719792,30.955592206756695,-1.0,30.955592206756695,0.0,0.005327463150024414,0.000949859619140625
iris,64,Hyp,complete,15.641845242022955,30.95557892673904,-1.0,30.95557892673904,0.0,0.00559687614440918,0.0009486675262451172
iris,64,Hyp,complete,15.641846469354157,30.955607358948047,-1.0,30.955607358948047,0.0,0.005803346633911133,0.0014071464538574219
iris,64,Hyp,complete,15.641846062445529,30.955595865533258,-1.0,30.955595865533258,0.0,0.006312131881713867,0.001407623291015625
iris,64,Hyp,complete,15.641846102733737,30.955606098138958,-1.0,30.955606098138958,0.0,0.006596088409423828,0.001409769058227539
iris,64,Hyp,complete,15.641845678378399,30.95558018642411,-1.0,30.95558018642411,0.0,0.006785154342651367,0.001401662826538086
iris,64,Hyp,average,15.641845761320019,22.99775683888679,-1.0,22.99775683888679,0.0,0.0061206817626953125,0.0008227825164794922
iris,64,Hyp,average,15.64184502597385,22.99775661657406,-1.0,22.99775661657406,0.0,0.005376100540161133,0.0009534358978271484
iris,64,Hyp,average,15.641845326980905,22.997756676441693,-1.0,22.997756676441693,0.0,0.005627632141113281,0.0009582042694091797
iris,64,Hyp,average,15.641846150122314,22.997756896377574,-1.0,22.997756896377574,0.0,0.0059854984283447266,0.0012326240539550781
iris,64,Hyp,average,15.641846033719792,22.997756650180683,-1.0,22.997756650180683,0.0,0.005223274230957031,0.0009639263153076172
iris,64,Hyp,average,15.641845242022955,22.997756904402824,-1.0,22.997756904402824,0.0,0.005427122116088867,0.0010175704956054688
iris,64,Hyp,average,15.641846469354157,22.997756406604687,-1.0,22.997756406604687,0.0,0.005063772201538086,0.0009605884552001953
iris,64,Hyp,average,15.641846062445529,22.997756594753504,-1.0,22.997756594753504,0.0,0.0056934356689453125,0.001027822494506836
iris,64,Hyp,average,15.641846102733737,22.9977564382157,-1.0,22.9977564382157,0.0,0.005246639251708984,0.0010156631469726562
iris,64,Hyp,average,15.641845678378399,22.997756851848916,-1.0,22.997756851848916,0.0,0.00555109977722168,0.0011789798736572266
iris,64,Hyp,weighted,15.641845761320019,29.074653961177404,-1.0,29.074653961177404,0.0,0.006059169769287109,0.0012183189392089844
iris,64,Hyp,weighted,15.64184502597385,29.07466099761848,-1.0,29.07466099761848,0.0,0.005889892578125,0.0011582374572753906
iris,64,Hyp,weighted,15.641845326980905,29.0746592295023,-1.0,29.0746592295023,0.0,0.005764961242675781,0.0009551048278808594
iris,64,Hyp,weighted,15.641846150122314,29.074652351106472,-1.0,29.074652351106472,0.0,0.005926609039306641,0.0009503364562988281
iris,64,Hyp,weighted,15.641846033719792,29.074657195645834,-1.0,29.074657195645834,0.0,0.005606174468994141,0.0009486675262451172
iris,64,Hyp,weighted,15.641845242022955,29.074655208532764,-1.0,29.074655208532764,0.0,0.005759000778198242,0.0009505748748779297
iris,64,Hyp,weighted,15.641846469354157,29.074659479328474,-1.0,29.074659479328474,0.0,0.005273103713989258,0.0010669231414794922
iris,64,Hyp,weighted,15.641846062445529,29.074657936348924,-1.0,29.074657936348924,0.0,0.005646944046020508,0.0010554790496826172
iris,64,Hyp,weighted,15.641846102733737,29.074660814385048,-1.0,29.074660814385048,0.0,0.005307674407958984,0.0010569095611572266
iris,64,Hyp,weighted,15.641845678378399,29.07465507259934,-1.0,29.07465507259934,0.0,0.00546574592590332,0.0010704994201660156
iris,64,Hyp,centroid,15.641845761320019,-1.0,-1.0,-1.0,-1.0,0.005529880523681641,-1.0
iris,64,Hyp,centroid,15.64184502597385,-1.0,-1.0,-1.0,-1.0,0.005893230438232422,-1.0
iris,64,Hyp,centroid,15.641845326980905,-1.0,-1.0,-1.0,-1.0,0.005866527557373047,-1.0
iris,64,Hyp,centroid,15.641846150122314,-1.0,-1.0,-1.0,-1.0,0.005342245101928711,-1.0
iris,64,Hyp,centroid,15.641846033719792,-1.0,-1.0,-1.0,-1.0,0.005401611328125,-1.0
iris,64,Hyp,centroid,15.641845242022955,-1.0,-1.0,-1.0,-1.0,0.005303859710693359,-1.0
iris,64,Hyp,centroid,15.641846469354157,-1.0,-1.0,-1.0,-1.0,0.005298614501953125,-1.0
iris,64,Hyp,centroid,15.641846062445529,-1.0,-1.0,-1.0,-1.0,0.005186796188354492,-1.0
iris,64,Hyp,centroid,15.641846102733737,-1.0,-1.0,-1.0,-1.0,0.005118370056152344,-1.0
iris,64,Hyp,centroid,15.641845678378399,-1.0,-1.0,-1.0,-1.0,0.005240440368652344,-1.0
iris,64,Hyp,median,15.641845761320019,-1.0,-1.0,-1.0,-1.0,0.005307912826538086,-1.0
iris,64,Hyp,median,15.64184502597385,-1.0,-1.0,-1.0,-1.0,0.0051822662353515625,-1.0
iris,64,Hyp,median,15.641845326980905,-1.0,-1.0,-1.0,-1.0,0.005087852478027344,-1.0
iris,64,Hyp,median,15.641846150122314,-1.0,-1.0,-1.0,-1.0,0.004983663558959961,-1.0
iris,64,Hyp,median,15.641846033719792,-1.0,-1.0,-1.0,-1.0,0.004854440689086914,-1.0
iris,64,Hyp,median,15.641845242022955,-1.0,-1.0,-1.0,-1.0,0.005074977874755859,-1.0
iris,64,Hyp,median,15.641846469354157,-1.0,-1.0,-1.0,-1.0,0.005742073059082031,-1.0
iris,64,Hyp,median,15.641846062445529,-1.0,-1.0,-1.0,-1.0,0.005128145217895508,-1.0
iris,64,Hyp,median,15.641846102733737,-1.0,-1.0,-1.0,-1.0,0.0049686431884765625,-1.0
iris,64,Hyp,median,15.641845678378399,-1.0,-1.0,-1.0,-1.0,0.005212306976318359,-1.0
iris,64,Hyp,ward,15.641845761320019,-1.0,-1.0,-1.0,-1.0,0.004966259002685547,-1.0
iris,64,Hyp,ward,15.64184502597385,-1.0,-1.0,-1.0,-1.0,0.00507807731628418,-1.0
iris,64,Hyp,ward,15.641845326980905,-1.0,-1.0,-1.0,-1.0,0.005271196365356445,-1.0
iris,64,Hyp,ward,15.641846150122314,-1.0,-1.0,-1.0,-1.0,0.005737781524658203,-1.0
iris,64,Hyp,ward,15.641846033719792,-1.0,-1.0,-1.0,-1.0,0.005240440368652344,-1.0
iris,64,Hyp,ward,15.641845242022955,-1.0,-1.0,-1.0,-1.0,0.005529642105102539,-1.0
iris,64,Hyp,ward,15.641846469354157,-1.0,-1.0,-1.0,-1.0,0.0056612491607666016,-1.0
iris,64,Hyp,ward,15.641846062445529,-1.0,-1.0,-1.0,-1.0,0.006198883056640625,-1.0
iris,64,Hyp,ward,15.641846102733737,-1.0,-1.0,-1.0,-1.0,0.00563359260559082,-1.0
iris,64,Hyp,ward,15.641845678378399,-1.0,-1.0,-1.0,-1.0,0.005179405212402344,-1.0
glass,64,Direct,NJ,-1.0,60.96161711485148,-1.0,60.96161711485148,0.0,-1.0,1.1135787963867188
glass,64,Direct,NJ,-1.0,60.96161711485148,-1.0,60.96161711485148,0.0,-1.0,1.1670231819152832
glass,64,Direct,NJ,-1.0,60.96161711485148,-1.0,60.96161711485148,0.0,-1.0,1.104154109954834
glass,64,Direct,NJ,-1.0,60.96161711485148,-1.0,60.96161711485148,0.0,-1.0,1.123279094696045
glass,64,Direct,NJ,-1.0,60.96161711485148,-1.0,60.96161711485148,0.0,-1.0,1.227003574371338
glass,64,Direct,NJ,-1.0,60.96161711485148,-1.0,60.96161711485148,0.0,-1.0,1.2120270729064941
glass,64,Direct,NJ,-1.0,60.96161711485148,-1.0,60.96161711485148,0.0,-1.0,1.1026735305786133
glass,64,Direct,NJ,-1.0,60.96161711485148,-1.0,60.96161711485148,0.0,-1.0,1.125891923904419
glass,64,Direct,NJ,-1.0,60.96161711485148,-1.0,60.96161711485148,0.0,-1.0,1.112518548965454
glass,64,Direct,NJ,-1.0,60.96161711485148,-1.0,60.96161711485148,0.0,-1.0,1.1928212642669678
glass,64,Direct,TreeRep,-1.0,91.59772185437333,18.702178442527874,71.81587386563729,0.0,-1.0,2.182007646560669
glass,64,Direct,TreeRep,-1.0,86.81640750901806,13.382872385459743,64.72066396915721,0.0,-1.0,1.9867886185646058
glass,64,Direct,TreeRep,-1.0,86.9093452428223,14.547060695764408,63.51509957660898,0.0,-1.0,1.9506178736686706
glass,64,Direct,TreeRep,-1.0,86.7400050401041,18.55830524562924,56.43492726456374,0.0,-1.0,1.9586884737014771
glass,64,Direct,TreeRep,-1.0,89.75937433067844,20.05330539785418,65.81214634729695,0.0,-1.0,1.9800988793373109
glass,64,Direct,TreeRep,-1.0,91.04801219368625,15.055735221323257,69.8053759073211,0.0,-1.0,1.9990006804466247
glass,64,Direct,TreeRep,-1.0,91.36115813913214,16.892027260038468,74.28962471697622,0.0,-1.0,2.0685707211494444
glass,64,Direct,TreeRep,-1.0,89.91848614683187,14.424645022439554,69.28266727580612,0.0,-1.0,2.175393056869507
glass,64,Direct,TreeRep,-1.0,90.77185088095727,15.267069205987164,62.53090745314099,0.0,-1.0,2.2076113343238832
glass,64,Direct,TreeRep,-1.0,97.42392924239464,20.573136439532725,76.1978255334408,0.0,-1.0,2.3566397070884704
glass,64,Direct,single,-1.0,95.91237660923818,-1.0,95.91237660923818,0.0,-1.0,0.009501218795776367
glass,64,Direct,single,-1.0,95.91237660923818,-1.0,95.91237660923818,0.0,-1.0,0.009000539779663086
glass,64,Direct,single,-1.0,95.91237660923818,-1.0,95.91237660923818,0.0,-1.0,0.00891256332397461
glass,64,Direct,single,-1.0,95.91237660923818,-1.0,95.91237660923818,0.0,-1.0,0.008912324905395508
glass,64,Direct,single,-1.0,95.91237660923818,-1.0,95.91237660923818,0.0,-1.0,0.008883953094482422
glass,64,Direct,single,-1.0,95.91237660923818,-1.0,95.91237660923818,0.0,-1.0,0.00890660285949707
glass,64,Direct,single,-1.0,95.91237660923818,-1.0,95.91237660923818,0.0,-1.0,0.008959770202636719
glass,64,Direct,single,-1.0,95.91237660923818,-1.0,95.91237660923818,0.0,-1.0,0.009222269058227539
glass,64,Direct,single,-1.0,95.91237660923818,-1.0,95.91237660923818,0.0,-1.0,0.008363008499145508
glass,64,Direct,single,-1.0,95.91237660923818,-1.0,95.91237660923818,0.0,-1.0,0.008256912231445312
glass,64,Direct,complete,-1.0,88.19361320257855,-1.0,88.19361320257855,0.0,-1.0,0.008906126022338867
glass,64,Direct,complete,-1.0,88.19361320257855,-1.0,88.19361320257855,0.0,-1.0,0.009328603744506836
glass,64,Direct,complete,-1.0,88.19361320257855,-1.0,88.19361320257855,0.0,-1.0,0.009380578994750977
glass,64,Direct,complete,-1.0,88.19361320257855,-1.0,88.19361320257855,0.0,-1.0,0.009276390075683594
glass,64,Direct,complete,-1.0,88.19361320257855,-1.0,88.19361320257855,0.0,-1.0,0.009903430938720703
glass,64,Direct,complete,-1.0,88.19361320257855,-1.0,88.19361320257855,0.0,-1.0,0.009809255599975586
glass,64,Direct,complete,-1.0,88.19361320257855,-1.0,88.19361320257855,0.0,-1.0,0.009893417358398438
glass,64,Direct,complete,-1.0,88.19361320257855,-1.0,88.19361320257855,0.0,-1.0,0.00934457778930664
glass,64,Direct,complete,-1.0,88.19361320257855,-1.0,88.19361320257855,0.0,-1.0,0.009749412536621094
glass,64,Direct,complete,-1.0,88.19361320257855,-1.0,88.19361320257855,0.0,-1.0,0.009345531463623047
glass,64,Direct,average,-1.0,31.942880040041967,-1.0,31.942880040041967,0.0,-1.0,0.009346485137939453
glass,64,Direct,average,-1.0,31.942880040041967,-1.0,31.942880040041967,0.0,-1.0,0.009393692016601562
glass,64,Direct,average,-1.0,31.942880040041967,-1.0,31.942880040041967,0.0,-1.0,0.009302616119384766
glass,64,Direct,average,-1.0,31.942880040041967,-1.0,31.942880040041967,0.0,-1.0,0.009432315826416016
glass,64,Direct,average,-1.0,31.942880040041967,-1.0,31.942880040041967,0.0,-1.0,0.009353876113891602
glass,64,Direct,average,-1.0,31.942880040041967,-1.0,31.942880040041967,0.0,-1.0,0.00942373275756836
glass,64,Direct,average,-1.0,31.942880040041967,-1.0,31.942880040041967,0.0,-1.0,0.009318351745605469
glass,64,Direct,average,-1.0,31.942880040041967,-1.0,31.942880040041967,0.0,-1.0,0.009362936019897461
glass,64,Direct,average,-1.0,31.942880040041967,-1.0,31.942880040041967,0.0,-1.0,0.009345293045043945
glass,64,Direct,average,-1.0,31.942880040041967,-1.0,31.942880040041967,0.0,-1.0,0.00941014289855957
glass,64,Direct,weighted,-1.0,34.75775716618442,-1.0,34.75775716618442,0.0,-1.0,0.009294748306274414
glass,64,Direct,weighted,-1.0,34.75775716618442,-1.0,34.75775716618442,0.0,-1.0,0.009373664855957031
glass,64,Direct,weighted,-1.0,34.75775716618442,-1.0,34.75775716618442,0.0,-1.0,0.00928640365600586
glass,64,Direct,weighted,-1.0,34.75775716618442,-1.0,34.75775716618442,0.0,-1.0,0.009084939956665039
glass,64,Direct,weighted,-1.0,34.75775716618442,-1.0,34.75775716618442,0.0,-1.0,0.00951075553894043
glass,64,Direct,weighted,-1.0,34.75775716618442,-1.0,34.75775716618442,0.0,-1.0,0.009168624877929688
glass,64,Direct,weighted,-1.0,34.75775716618442,-1.0,34.75775716618442,0.0,-1.0,0.009391307830810547
glass,64,Direct,weighted,-1.0,34.75775716618442,-1.0,34.75775716618442,0.0,-1.0,0.009314775466918945
glass,64,Direct,weighted,-1.0,34.75775716618442,-1.0,34.75775716618442,0.0,-1.0,0.00930476188659668
glass,64,Direct,weighted,-1.0,34.75775716618442,-1.0,34.75775716618442,0.0,-1.0,0.009427785873413086
glass,64,Direct,centroid,-1.0,37.562324399486975,-1.0,37.562324399486975,0.0,-1.0,0.009349346160888672
glass,64,Direct,centroid,-1.0,37.562324399486975,-1.0,37.562324399486975,0.0,-1.0,0.00919198989868164
glass,64,Direct,centroid,-1.0,37.562324399486975,-1.0,37.562324399486975,0.0,-1.0,0.00909423828125
glass,64,Direct,centroid,-1.0,37.562324399486975,-1.0,37.562324399486975,0.0,-1.0,0.009076356887817383
glass,64,Direct,centroid,-1.0,37.562324399486975,-1.0,37.562324399486975,0.0,-1.0,0.009007453918457031
glass,64,Direct,centroid,-1.0,37.562324399486975,-1.0,37.562324399486975,0.0,-1.0,0.009110450744628906
glass,64,Direct,centroid,-1.0,37.562324399486975,-1.0,37.562324399486975,0.0,-1.0,0.00909566879272461
glass,64,Direct,centroid,-1.0,37.562324399486975,-1.0,37.562324399486975,0.0,-1.0,0.00912928581237793
glass,64,Direct,centroid,-1.0,37.562324399486975,-1.0,37.562324399486975,0.0,-1.0,0.009125709533691406
glass,64,Direct,centroid,-1.0,37.562324399486975,-1.0,37.562324399486975,0.0,-1.0,0.009081602096557617
glass,64,Direct,median,-1.0,46.646942363930165,-1.0,46.646942363930165,0.0,-1.0,0.009033203125
glass,64,Direct,median,-1.0,46.646942363930165,-1.0,46.646942363930165,0.0,-1.0,0.009337425231933594
glass,64,Direct,median,-1.0,46.646942363930165,-1.0,46.646942363930165,0.0,-1.0,0.012674093246459961
glass,64,Direct,median,-1.0,46.646942363930165,-1.0,46.646942363930165,0.0,-1.0,0.00960683822631836
glass,64,Direct,median,-1.0,46.646942363930165,-1.0,46.646942363930165,0.0,-1.0,0.009028434753417969
glass,64,Direct,median,-1.0,46.646942363930165,-1.0,46.646942363930165,0.0,-1.0,0.009633541107177734
glass,64,Direct,median,-1.0,46.646942363930165,-1.0,46.646942363930165,0.0,-1.0,0.009159564971923828
glass,64,Direct,median,-1.0,46.646942363930165,-1.0,46.646942363930165,0.0,-1.0,0.009145498275756836
glass,64,Direct,median,-1.0,46.646942363930165,-1.0,46.646942363930165,0.0,-1.0,0.0091094970703125
glass,64,Direct,median,-1.0,46.646942363930165,-1.0,46.646942363930165,0.0,-1.0,0.009423971176147461
glass,64,Direct,ward,-1.0,673.7517181865084,-1.0,673.7517181865084,0.0,-1.0,0.009222269058227539
glass,64,Direct,ward,-1.0,673.7517181865084,-1.0,673.7517181865084,0.0,-1.0,0.008963823318481445
glass,64,Direct,ward,-1.0,673.7517181865084,-1.0,673.7517181865084,0.0,-1.0,0.008987188339233398
glass,64,Direct,ward,-1.0,673.7517181865084,-1.0,673.7517181865084,0.0,-1.0,0.008983373641967773
glass,64,Direct,ward,-1.0,673.7517181865084,-1.0,673.7517181865084,0.0,-1.0,0.009028911590576172
glass,64,Direct,ward,-1.0,673.7517181865084,-1.0,673.7517181865084,0.0,-1.0,0.008998870849609375
glass,64,Direct,ward,-1.0,673.7517181865084,-1.0,673.7517181865084,0.0,-1.0,0.009008646011352539
glass,64,Direct,ward,-1.0,673.7517181865084,-1.0,673.7517181865084,0.0,-1.0,0.00948190689086914
glass,64,Direct,ward,-1.0,673.7517181865084,-1.0,673.7517181865084,0.0,-1.0,0.009444475173950195
glass,64,Direct,ward,-1.0,673.7517181865084,-1.0,673.7517181865084,0.0,-1.0,0.009083747863769531
glass,64,Hyp,NJ,25.535043968643958,44.8032093278002,-1.0,44.8032093278002,0.0,967.2963221073151,1.248166561126709
glass,64,Hyp,NJ,25.53019897613447,45.85483804523905,-1.0,45.85483804523905,0.0,1002.5191688537598,1.776097297668457
glass,64,Hyp,NJ,25.52939688716001,45.82696247915872,-1.0,45.82696247915872,0.0,1007.0515224933624,1.368664026260376
glass,64,Hyp,NJ,25.53420029152412,45.74686629020599,-1.0,45.74686629020599,0.0,1006.2730827331543,1.256380319595337
glass,64,Hyp,NJ,25.532554115003023,45.870125396513416,-1.0,45.870125396513416,0.0,1002.6915559768677,1.4746036529541016
glass,64,Hyp,NJ,25.53120161683492,38.63055298166197,-1.0,38.63055298166197,0.0,998.0126392841339,1.4595766067504883
glass,64,Hyp,NJ,25.53404106016753,45.82446624712177,-1.0,45.82446624712177,0.0,994.1464555263519,1.2518818378448486
glass,64,Hyp,NJ,25.53036245656934,45.83026429449941,-1.0,45.83026429449941,0.0,998.2445583343506,1.4991350173950195
glass,64,Hyp,NJ,25.529827919370042,45.81269373540489,-1.0,45.81269373540489,0.0,993.8859746456146,1.60160231590271
glass,64,Hyp,NJ,25.53174136110481,45.78196555575743,-1.0,45.78196555575743,0.0,998.988538980484,1.2982301712036133
glass,64,Hyp,TreeRep,25.535043968643958,46.12536513309969,7.049771633695149,35.161749797443335,0.0,0.022353410720825195,2.270660638809204
glass,64,Hyp,TreeRep,25.53019897613447,45.74984947572965,6.539688991305445,33.648965694311734,0.0,0.025434494018554688,2.3265259146690367
glass,64,Hyp,TreeRep,25.52939688716001,49.32313929656285,8.905752789444652,33.93768466431414,0.0,0.02944207191467285,2.290108597278595
glass,64,Hyp,TreeRep,25.53420029152412,42.98848431511885,4.969038797032892,35.420773221046296,0.0,0.021056413650512695,2.31128408908844
glass,64,Hyp,TreeRep,25.532554115003023,45.61044582982564,7.893034513612221,35.38380600799059,0.0,0.023638010025024414,2.399423861503601
glass,64,Hyp,TreeRep,25.53120161683492,50.38801654231979,10.184791892807118,38.76521366923076,0.0,0.02543044090270996,2.3175538897514345
glass,64,Hyp,TreeRep,25.53404106016753,46.711313189367004,9.515800440257932,35.363522039642426,0.0,0.023418426513671875,2.469706189632416
glass,64,Hyp,TreeRep,25.53036245656934,44.672758623162224,7.609319063691148,33.67914161695418,0.0,0.02196526527404785,2.373667323589325
glass,64,Hyp,TreeRep,25.529827919370042,42.541967945904105,5.339793532200107,35.09861649945456,0.0,0.022789955139160156,2.4032554745674135
glass,64,Hyp,TreeRep,25.53174136110481,46.76004105731021,8.470386297090627,36.47188201219913,0.0,0.021689414978027344,2.4972036719322204
glass,64,Hyp,single,25.535043968643958,63.54403028795145,-1.0,63.54403028795145,0.0,0.023390769958496094,0.010464906692504883
glass,64,Hyp,single,25.53019897613447,63.43988263184231,-1.0,63.43988263184231,0.0,0.01860642433166504,0.009309530258178711
glass,64,Hyp,single,25.52939688716001,63.45035220226623,-1.0,63.45035220226623,0.0,0.018263578414916992,0.009282588958740234
glass,64,Hyp,single,25.53420029152412,63.5212190517907,-1.0,63.5212190517907,0.0,0.0179290771484375,0.009292125701904297
glass,64,Hyp,single,25.532554115003023,63.46813752502714,-1.0,63.46813752502714,0.0,0.01830911636352539,0.009406328201293945
glass,64,Hyp,single,25.53120161683492,63.5894458289616,-1.0,63.5894458289616,0.0,0.029485464096069336,0.017194509506225586
glass,64,Hyp,single,25.53404106016753,63.449416628805494,-1.0,63.449416628805494,0.0,0.018344402313232422,0.009623050689697266
glass,64,Hyp,single,25.53036245656934,63.463752259903565,-1.0,63.463752259903565,0.0,0.018048763275146484,0.00955820083618164
glass,64,Hyp,single,25.529827919370042,63.48575019447003,-1.0,63.48575019447003,0.0,0.018289804458618164,0.009651422500610352
glass,64,Hyp,single,25.53174136110481,63.46603536151252,-1.0,63.46603536151252,0.0,0.017551660537719727,0.009564876556396484
glass,64,Hyp,complete,25.535043968643958,40.675367018060925,-1.0,40.675367018060925,0.0,0.016967296600341797,0.010696887969970703
glass,64,Hyp,complete,25.53019897613447,39.644057305516014,-1.0,39.644057305516014,0.0,0.01685309410095215,0.009995222091674805
glass,64,Hyp,complete,25.52939688716001,39.516409924374976,-1.0,39.516409924374976,0.0,0.01649928092956543,0.010106801986694336
glass,64,Hyp,complete,25.53420029152412,40.58938519052272,-1.0,40.58938519052272,0.0,0.016951322555541992,0.010029077529907227
glass,64,Hyp,complete,25.532554115003023,39.77211073839017,-1.0,39.77211073839017,0.0,0.016967058181762695,0.0100250244140625
glass,64,Hyp,complete,25.53120161683492,41.6769428416709,-1.0,41.6769428416709,0.0,0.017064571380615234,0.010104179382324219
glass,64,Hyp,complete,25.53404106016753,42.073286361195706,-1.0,42.073286361195706,0.0,0.0170743465423584,0.01009368896484375
glass,64,Hyp,complete,25.53036245656934,41.70404573255166,-1.0,41.70404573255166,0.0,0.016933917999267578,0.010147571563720703
glass,64,Hyp,complete,25.529827919370042,39.666505995420316,-1.0,39.666505995420316,0.0,0.017154693603515625,0.010137319564819336
glass,64,Hyp,complete,25.53174136110481,39.65130583134123,-1.0,39.65130583134123,0.0,0.016949176788330078,0.010061264038085938
glass,64,Hyp,average,25.535043968643958,31.22172610641198,-1.0,31.22172610641198,0.0,0.01719045639038086,0.010080575942993164
glass,64,Hyp,average,25.53019897613447,31.32890045998224,-1.0,31.32890045998224,0.0,0.017551898956298828,0.026241779327392578
glass,64,Hyp,average,25.52939688716001,31.317551402844266,-1.0,31.317551402844266,0.0,0.01810932159423828,0.01042938232421875
glass,64,Hyp,average,25.53420029152412,31.215286849029162,-1.0,31.215286849029162,0.0,0.017024517059326172,0.010187625885009766
glass,64,Hyp,average,25.532554115003023,31.31347640591792,-1.0,31.31347640591792,0.0,0.01716136932373047,0.01019287109375
glass,64,Hyp,average,25.53120161683492,31.314304636843225,-1.0,31.314304636843225,0.0,0.01714611053466797,0.010205507278442383
glass,64,Hyp,average,25.53404106016753,31.32575528095188,-1.0,31.32575528095188,0.0,0.025524139404296875,0.012244701385498047
glass,64,Hyp,average,25.53036245656934,31.31222778696414,-1.0,31.31222778696414,0.0,0.017479896545410156,0.010262012481689453
glass,64,Hyp,average,25.529827919370042,31.210567253326886,-1.0,31.210567253326886,0.0,0.017291784286499023,0.010226011276245117
glass,64,Hyp,average,25.53174136110481,31.31754508142965,-1.0,31.31754508142965,0.0,0.017122983932495117,0.010453224182128906
glass,64,Hyp,weighted,25.535043968643958,34.34175452073757,-1.0,34.34175452073757,0.0,0.017035245895385742,0.01583123207092285
glass,64,Hyp,weighted,25.53019897613447,34.184845744305534,-1.0,34.184845744305534,0.0,0.017166852951049805,0.010221004486083984
glass,64,Hyp,weighted,25.52939688716001,34.17057190185992,-1.0,34.17057190185992,0.0,0.017091751098632812,0.010191202163696289
glass,64,Hyp,weighted,25.53420029152412,34.943581504159376,-1.0,34.943581504159376,0.0,0.017085790634155273,0.010190248489379883
glass,64,Hyp,weighted,25.532554115003023,34.30187085721241,-1.0,34.30187085721241,0.0,0.01730966567993164,0.010147809982299805
glass,64,Hyp,weighted,25.53120161683492,34.786366646494294,-1.0,34.786366646494294,0.0,0.017396926879882812,0.010161399841308594
glass,64,Hyp,weighted,25.53404106016753,33.86299159835907,-1.0,33.86299159835907,0.0,0.01703786849975586,0.010138988494873047
glass,64,Hyp,weighted,25.53036245656934,34.33507519640069,-1.0,34.33507519640069,0.0,0.017294883728027344,0.010184526443481445
glass,64,Hyp,weighted,25.529827919370042,34.18823055257366,-1.0,34.18823055257366,0.0,0.01737070083618164,0.010115623474121094
glass,64,Hyp,weighted,25.53174136110481,34.54864370827303,-1.0,34.54864370827303,0.0,0.017178773880004883,0.010112762451171875
glass,64,Hyp,centroid,25.535043968643958,-1.0,-1.0,-1.0,-1.0,0.01727294921875,-1.0
glass,64,Hyp,centroid,25.53019897613447,-1.0,-1.0,-1.0,-1.0,0.016660690307617188,-1.0
glass,64,Hyp,centroid,25.52939688716001,-1.0,-1.0,-1.0,-1.0,0.016512393951416016,-1.0
glass,64,Hyp,centroid,25.53420029152412,-1.0,-1.0,-1.0,-1.0,0.016402721405029297,-1.0
glass,64,Hyp,centroid,25.532554115003023,-1.0,-1.0,-1.0,-1.0,0.01516866683959961,-1.0
glass,64,Hyp,centroid,25.53120161683492,-1.0,-1.0,-1.0,-1.0,0.015689373016357422,-1.0
glass,64,Hyp,centroid,25.53404106016753,-1.0,-1.0,-1.0,-1.0,0.015284061431884766,-1.0
glass,64,Hyp,centroid,25.53036245656934,-1.0,-1.0,-1.0,-1.0,0.015221595764160156,-1.0
glass,64,Hyp,centroid,25.529827919370042,-1.0,-1.0,-1.0,-1.0,0.01547384262084961,-1.0
glass,64,Hyp,centroid,25.53174136110481,-1.0,-1.0,-1.0,-1.0,0.015158891677856445,-1.0
glass,64,Hyp,median,25.535043968643958,-1.0,-1.0,-1.0,-1.0,0.01554417610168457,-1.0
glass,64,Hyp,median,25.53019897613447,-1.0,-1.0,-1.0,-1.0,0.015474557876586914,-1.0
glass,64,Hyp,median,25.52939688716001,-1.0,-1.0,-1.0,-1.0,0.015116691589355469,-1.0
glass,64,Hyp,median,25.53420029152412,-1.0,-1.0,-1.0,-1.0,0.014957189559936523,-1.0
glass,64,Hyp,median,25.532554115003023,-1.0,-1.0,-1.0,-1.0,0.015129804611206055,-1.0
glass,64,Hyp,median,25.53120161683492,-1.0,-1.0,-1.0,-1.0,0.015033960342407227,-1.0
glass,64,Hyp,median,25.53404106016753,-1.0,-1.0,-1.0,-1.0,0.015161514282226562,-1.0
glass,64,Hyp,median,25.53036245656934,-1.0,-1.0,-1.0,-1.0,0.015006780624389648,-1.0
glass,64,Hyp,median,25.529827919370042,-1.0,-1.0,-1.0,-1.0,0.014972686767578125,-1.0
glass,64,Hyp,median,25.53174136110481,-1.0,-1.0,-1.0,-1.0,0.014959335327148438,-1.0
glass,64,Hyp,ward,25.535043968643958,-1.0,-1.0,-1.0,-1.0,0.015025138854980469,-1.0
glass,64,Hyp,ward,25.53019897613447,-1.0,-1.0,-1.0,-1.0,0.015053272247314453,-1.0
glass,64,Hyp,ward,25.52939688716001,-1.0,-1.0,-1.0,-1.0,0.015051126480102539,-1.0
glass,64,Hyp,ward,25.53420029152412,-1.0,-1.0,-1.0,-1.0,0.015028238296508789,-1.0
glass,64,Hyp,ward,25.532554115003023,-1.0,-1.0,-1.0,-1.0,0.015121221542358398,-1.0
glass,64,Hyp,ward,25.53120161683492,-1.0,-1.0,-1.0,-1.0,0.015266895294189453,-1.0
glass,64,Hyp,ward,25.53404106016753,-1.0,-1.0,-1.0,-1.0,0.014929533004760742,-1.0
glass,64,Hyp,ward,25.53036245656934,-1.0,-1.0,-1.0,-1.0,0.014999151229858398,-1.0
glass,64,Hyp,ward,25.529827919370042,-1.0,-1.0,-1.0,-1.0,0.014895200729370117,-1.0
glass,64,Hyp,ward,25.53174136110481,-1.0,-1.0,-1.0,-1.0,0.014697551727294922,-1.0
Namespace(Normalization=False, anneal_every=50, anneal_factor=1.0, batch_size=100000, burnin=30, burnin_factor=10, c=1.0, check_tree=False, dataset='glass', dec_method='ward', dec_repeat=20, dtype='double', enc_method='Hyp', epochs=500, eval_every=1, fast_decoding=1, init_size=1e-06, learning_rate=0.01, max_scale=0.999, num_nodes=64, num_samples=-1, optimizer='RAdam', p=2, patience=50, rank=64, save=True, scaling_factor=1.0, seed=10, temperature=0.01, verbose=False)
